incoming,name
ENSG00000001630,CYP51A1
ENSG00000003147,ICA1
ENSG00000003756,RBM5
ENSG00000004139,SARM1
ENSG00000004468,CD38
ENSG00000004777,ARHGAP33
ENSG00000004864,SLC25A13
ENSG00000005156,LIG3
ENSG00000005249,PRKAR2B
ENSG00000006327,TNFRSF12A
ENSG00000006432,MAP3K9
ENSG00000006451,RALA
ENSG00000006534,ALDH3B1
ENSG00000006555,TTC22
ENSG00000006625,GGCT
ENSG00000007264,MATK
ENSG00000007541,PIGQ
ENSG00000007933,FMO3
ENSG00000008086,CDKL5
ENSG00000008282,SYPL1
ENSG00000008300,CELSR3
ENSG00000008516,MMP25
ENSG00000008853,RHOBTB2
ENSG00000009765,IYD
ENSG00000009790,TRAF3IP3
ENSG00000010256,UQCRC1
ENSG00000010295,IFFO1
ENSG00000010327,STAB1
ENSG00000010626,LRRC23
ENSG00000010810,FYN
ENSG00000011021,CLCN6
ENSG00000011028,MRC2
ENSG00000011201,ANOS1
ENSG00000013293,SLC7A14
ENSG00000013374,NUB1
ENSG00000013441,CLK1
ENSG00000013810,TACC3
ENSG00000015133,CCDC88C
ENSG00000015520,NPC1L1
ENSG00000016402,IL20RA
ENSG00000017483,SLC38A5
ENSG00000019505,SYT13
ENSG00000020577,SAMD4A
ENSG00000021762,OSBPL5
ENSG00000022840,RNF10
ENSG00000023191,RNH1
ENSG00000023839,ABCC2
ENSG00000025423,HSD17B6
ENSG00000029993,HMGB3
ENSG00000031081,ARHGAP31
ENSG00000035720,STAP1
ENSG00000035862,TIMP2
ENSG00000038274,MAT2B
ENSG00000038295,TLL1
ENSG00000039523,RIPOR1
ENSG00000041353,RAB27B
ENSG00000041982,TNC
ENSG00000046889,PREX2
ENSG00000048991,R3HDM1
ENSG00000049192,ADAMTS6
ENSG00000049540,ELN
ENSG00000050030,NEXMIF
ENSG00000050555,LAMC3
ENSG00000051825,MPHOSPH9
ENSG00000053108,FSTL4
ENSG00000053254,FOXN3
ENSG00000053770,AP5M1
ENSG00000057657,PRDM1
ENSG00000057663,ATG5
ENSG00000058091,CDK14
ENSG00000059377,TBXAS1
ENSG00000061455,PRDM6
ENSG00000063015,SEZ6
ENSG00000064886,CHI3L2
ENSG00000065054,NHERF2
ENSG00000065328,MCM10
ENSG00000065413,ANKRD44
ENSG00000065618,COL17A1
ENSG00000065809,FAM107B
ENSG00000065882,TBC1D1
ENSG00000066027,PPP2R5A
ENSG00000066279,ASPM
ENSG00000066697,MSANTD3
ENSG00000067167,TRAM1
ENSG00000067596,DHX8
ENSG00000067840,PDZD4
ENSG00000068028,RASSF1
ENSG00000068120,COASY
ENSG00000068724,TTC7A
ENSG00000068784,SRBD1
ENSG00000068976,PYGM
ENSG00000069345,DNAJA2
ENSG00000069482,GAL
ENSG00000069493,CLEC2D
ENSG00000069535,MAOB
ENSG00000069974,RAB27A
ENSG00000070404,FSTL3
ENSG00000070610,GBA2
ENSG00000070669,ASNS
ENSG00000070915,SLC12A3
ENSG00000070950,RAD18
ENSG00000071073,MGAT4A
ENSG00000071205,ARHGAP10
ENSG00000071246,VASH1
ENSG00000072134,EPN2
ENSG00000072571,HMMR
ENSG00000072609,CHFR
ENSG00000072694,FCGR2B
ENSG00000072840,EVC
ENSG00000072952,IRAG1
ENSG00000073111,MCM2
ENSG00000073150,PANX2
ENSG00000073605,GSDMB
ENSG00000074370,ATP2A3
ENSG00000074410,CA12
ENSG00000074416,MGLL
ENSG00000074657,ZNF532
ENSG00000074966,TXK
ENSG00000075035,WSCD2
ENSG00000075275,CELSR1
ENSG00000075539,FRYL
ENSG00000075651,PLD1
ENSG00000076382,SPAG5
ENSG00000076604,TRAF4
ENSG00000076716,GPC4
ENSG00000076984,MAP2K7
ENSG00000077157,PPP1R12B
ENSG00000077279,DCX
ENSG00000078114,NEBL
ENSG00000078140,UBE2K
ENSG00000079335,CDC14A
ENSG00000079435,LIPE
ENSG00000079462,PAFAH1B3
ENSG00000079691,CARMIL1
ENSG00000079931,MOXD1
ENSG00000080031,PTPRH
ENSG00000080503,SMARCA2
ENSG00000080546,SESN1
ENSG00000080644,CHRNA3
ENSG00000080947,CROCCP3
ENSG00000081026,MAGI3
ENSG00000081051,AFP
ENSG00000081087,OSTM1
ENSG00000082074,FYB1
ENSG00000082212,ME2
ENSG00000082397,EPB41L3
ENSG00000082458,DLG3
ENSG00000082482,KCNK2
ENSG00000082512,TRAF5
ENSG00000082556,OPRK1
ENSG00000083123,BCKDHB
ENSG00000083290,ULK2
ENSG00000083444,PLOD1
ENSG00000084710,EFR3B
ENSG00000084764,MAPRE3
ENSG00000085117,CD82
ENSG00000086289,EPDR1
ENSG00000086548,CEACAM6
ENSG00000087086,FTL
ENSG00000087116,ADAMTS2
ENSG00000087263,OGFOD1
ENSG00000088002,SULT2B1
ENSG00000088320,REM1
ENSG00000088340,FER1L4
ENSG00000088387,DOCK9
ENSG00000088756,ARHGAP28
ENSG00000088992,TESC
ENSG00000089101,CFAP61
ENSG00000089154,GCN1
ENSG00000089159,PXN
ENSG00000089169,RPH3A
ENSG00000089280,FUS
ENSG00000089335,ZNF302
ENSG00000089682,RBM41
ENSG00000089876,DHX32
ENSG00000090006,LTBP4
ENSG00000090104,RGS1
ENSG00000090376,IRAK3
ENSG00000090447,TFAP4
ENSG00000090530,P3H2
ENSG00000090554,FLT3LG
ENSG00000092094,OSGEP
ENSG00000092208,GEMIN2
ENSG00000092820,EZR
ENSG00000092929,UNC13D
ENSG00000093009,CDC45
ENSG00000095319,NUP188
ENSG00000095383,TBC1D2
ENSG00000095713,CRTAC1
ENSG00000097021,ACOT7
ENSG00000097033,SH3GLB1
ENSG00000099139,PCSK5
ENSG00000099282,TSPAN15
ENSG00000099290,WASHC2A
ENSG00000099330,OCEL1
ENSG00000099953,MMP11
ENSG00000099974,DDTL
ENSG00000100034,PPM1F
ENSG00000100100,PIK3IP1
ENSG00000100122,CRYBB1
ENSG00000100170,SLC5A1
ENSG00000100196,KDELR3
ENSG00000100219,XBP1
ENSG00000100336,APOL4
ENSG00000100350,FOXRED2
ENSG00000100385,IL2RB
ENSG00000100418,DESI1
ENSG00000100473,COCH
ENSG00000100490,CDKL1
ENSG00000100577,GSTZ1
ENSG00000100711,ZFYVE21
ENSG00000100714,MTHFD1
ENSG00000100721,TCL1A
ENSG00000100744,GSKIP
ENSG00000100749,VRK1
ENSG00000100814,CCNB1IP1
ENSG00000100867,DHRS2
ENSG00000100991,TRPC4AP
ENSG00000100994,PYGB
ENSG00000101000,PROCR
ENSG00000101049,SGK2
ENSG00000101082,SLA2
ENSG00000101132,PFDN4
ENSG00000101189,MRGBP
ENSG00000101199,ARFGAP1
ENSG00000101236,RNF24
ENSG00000101294,HM13
ENSG00000101310,SEC23B
ENSG00000101412,E2F1
ENSG00000101443,WFDC2
ENSG00000101448,EPPIN
ENSG00000101638,ST8SIA5
ENSG00000101665,SMAD7
ENSG00000101695,RNF125
ENSG00000101945,SUV39H1
ENSG00000102109,PCSK1N
ENSG00000102349,KLF8
ENSG00000102359,SRPX2
ENSG00000102409,BEX4
ENSG00000102452,NALCN
ENSG00000102471,NDFIP2
ENSG00000102547,CAB39L
ENSG00000102753,KPNA3
ENSG00000102755,FLT1
ENSG00000102763,VWA8
ENSG00000102886,GDPD3
ENSG00000102900,NUP93
ENSG00000103035,PSMD7
ENSG00000103202,NME4
ENSG00000103260,METRN
ENSG00000103326,CAPN15
ENSG00000103335,PIEZO1
ENSG00000103460,TOX3
ENSG00000103507,BCKDK
ENSG00000103522,IL21R
ENSG00000103966,EHD4
ENSG00000103994,ZNF106
ENSG00000104043,ATP8B4
ENSG00000104131,EIF3J
ENSG00000104205,SGK3
ENSG00000104361,NIPAL2
ENSG00000104368,PLAT
ENSG00000104415,CCN4
ENSG00000104805,NUCB1
ENSG00000104889,RNASEH2A
ENSG00000104892,KLC3
ENSG00000104899,AMH
ENSG00000104921,FCER2
ENSG00000105122,RASAL3
ENSG00000105220,GPI
ENSG00000105229,PIAS4
ENSG00000105379,ETFB
ENSG00000105388,CEACAM5
ENSG00000105472,CLEC11A
ENSG00000105486,LIG1
ENSG00000105641,SLC5A5
ENSG00000105649,RAB3A
ENSG00000105664,COMP
ENSG00000105738,SIPA1L3
ENSG00000105755,ETHE1
ENSG00000105771,SMG9
ENSG00000105851,PIK3CG
ENSG00000105982,RNF32
ENSG00000105997,HOXA3
ENSG00000106034,CPED1
ENSG00000106070,GRB10
ENSG00000106086,PLEKHA8
ENSG00000106089,STX1A
ENSG00000106100,NOD1
ENSG00000106113,CRHR2
ENSG00000106144,CASP2
ENSG00000106305,AIMP2
ENSG00000106327,TFR2
ENSG00000106330,MOSPD3
ENSG00000106367,AP1S1
ENSG00000106538,RARRES2
ENSG00000106571,GLI3
ENSG00000106609,TMEM248
ENSG00000106628,POLD2
ENSG00000106683,LIMK1
ENSG00000106688,SLC1A1
ENSG00000106772,PRUNE2
ENSG00000106976,DNM1
ENSG00000106992,AK1
ENSG00000106993,CDC37L1
ENSG00000107099,DOCK8
ENSG00000107242,PIP5K1B
ENSG00000107282,APBA1
ENSG00000107295,SH3GL2
ENSG00000107679,PLEKHA1
ENSG00000107736,CDH23
ENSG00000107742,SPOCK2
ENSG00000108342,CSF3
ENSG00000108509,CAMTA2
ENSG00000108576,SLC6A4
ENSG00000108798,ABI3
ENSG00000108924,HLF
ENSG00000109265,CRACD
ENSG00000109436,TBC1D9
ENSG00000109472,CPE
ENSG00000109586,GALNT7
ENSG00000109654,TRIM2
ENSG00000109805,NCAPG
ENSG00000109846,CRYAB
ENSG00000110074,FOXRED1
ENSG00000110077,MS4A6A
ENSG00000110171,TRIM3
ENSG00000110218,PANX1
ENSG00000110237,ARHGEF17
ENSG00000110330,BIRC2
ENSG00000110422,HIPK3
ENSG00000110427,KIAA1549L
ENSG00000110436,SLC1A2
ENSG00000110455,ACCS
ENSG00000110583,NAA40
ENSG00000110628,SLC22A18
ENSG00000110934,BIN2
ENSG00000110958,PTGES3
ENSG00000110975,SYT10
ENSG00000110987,BCL7A
ENSG00000111271,ACAD10
ENSG00000111300,NAA25
ENSG00000111339,ART4
ENSG00000111641,NOP2
ENSG00000111644,ACRBP
ENSG00000111665,CDCA3
ENSG00000111700,SLCO1B3
ENSG00000111726,CMAS
ENSG00000111728,ST8SIA1
ENSG00000111796,KLRB1
ENSG00000111843,TMEM14C
ENSG00000111907,TPD52L1
ENSG00000111961,SASH1
ENSG00000112029,FBXO5
ENSG00000112118,MCM3
ENSG00000112149,CD83
ENSG00000112175,BMP5
ENSG00000112182,BACH2
ENSG00000112218,GPR63
ENSG00000112242,E2F3
ENSG00000112276,BVES
ENSG00000112312,GMNN
ENSG00000112419,PHACTR2
ENSG00000112486,CCR6
ENSG00000112562,SMOC2
ENSG00000112742,TTK
ENSG00000112799,LY86
ENSG00000112874,NUDT12
ENSG00000113088,GZMK
ENSG00000113194,FAF2
ENSG00000113263,ITK
ENSG00000113361,CDH6
ENSG00000113368,LMNB1
ENSG00000113369,ARRDC3
ENSG00000113389,NPR3
ENSG00000113407,TARS1
ENSG00000113456,RAD1
ENSG00000113555,PCDH12
ENSG00000113580,NR3C1
ENSG00000113594,LIFR
ENSG00000113649,TCERG1
ENSG00000113946,CLDN16
ENSG00000114812,VIPR1
ENSG00000115128,SF3B6
ENSG00000115233,PSMD14
ENSG00000115255,REEP6
ENSG00000115267,IFIH1
ENSG00000115350,POLE4
ENSG00000115361,ACADL
ENSG00000115365,LANCL1
ENSG00000115419,GLS
ENSG00000115514,TXNDC9
ENSG00000115520,COQ10B
ENSG00000115687,PASK
ENSG00000115750,TAF1B
ENSG00000115828,QPCT
ENSG00000115896,PLCL1
ENSG00000115942,ORC2
ENSG00000116035,VAX2
ENSG00000116141,MARK1
ENSG00000116147,TNR
ENSG00000116273,PHF13
ENSG00000116473,RAP1A
ENSG00000116574,RHOU
ENSG00000116604,MEF2D
ENSG00000116670,MAD2L2
ENSG00000116675,DNAJC6
ENSG00000116678,LEPR
ENSG00000116679,IVNS1ABP
ENSG00000116729,WLS
ENSG00000116783,TNNI3K
ENSG00000117054,ACADM
ENSG00000117215,PLA2G2D
ENSG00000117245,KIF17
ENSG00000117308,GALE
ENSG00000117594,HSD11B1
ENSG00000117597,UTP25
ENSG00000117632,STMN1
ENSG00000117650,NEK2
ENSG00000117676,RPS6KA1
ENSG00000117707,PROX1
ENSG00000117791,MTARC2
ENSG00000117834,SLC5A9
ENSG00000117906,RCN2
ENSG00000118160,SLC8A2
ENSG00000118200,CAMSAP2
ENSG00000118407,FILIP1
ENSG00000118507,AKAP7
ENSG00000118557,PMFBP1
ENSG00000118680,MYL12B
ENSG00000118729,CASQ2
ENSG00000118777,ABCG2
ENSG00000118946,PCDH17
ENSG00000118965,WDR35
ENSG00000119242,CCDC92
ENSG00000119403,PHF19
ENSG00000119608,PROX2
ENSG00000119686,FLVCR2
ENSG00000119787,ATL2
ENSG00000119946,CNNM1
ENSG00000119950,MXI1
ENSG00000120217,CD274
ENSG00000120262,CCDC170
ENSG00000120278,PLEKHG1
ENSG00000120306,CYSTM1
ENSG00000120318,ARAP3
ENSG00000120324,PCDHB10
ENSG00000120327,PCDHB14
ENSG00000120328,PCDHB12
ENSG00000120334,CENPL
ENSG00000120370,GORAB
ENSG00000120457,KCNJ5
ENSG00000120688,WBP4
ENSG00000120690,ELF1
ENSG00000120696,KBTBD7
ENSG00000120820,GLT8D2
ENSG00000120889,TNFRSF10B
ENSG00000120913,PDLIM2
ENSG00000120948,TARDBP
ENSG00000121207,LRAT
ENSG00000121211,MND1
ENSG00000121361,KCNJ8
ENSG00000121406,ZNF549
ENSG00000121621,KIF18A
ENSG00000121671,CRY2
ENSG00000121753,ADGRB2
ENSG00000122176,FMOD
ENSG00000122254,HS3ST2
ENSG00000122359,ANXA11
ENSG00000122515,ZMIZ2
ENSG00000122550,KLHL7
ENSG00000122642,FKBP9
ENSG00000122694,GLIPR2
ENSG00000122741,DCAF10
ENSG00000122863,CHST3
ENSG00000122965,RBM19
ENSG00000123178,SPRYD7
ENSG00000123338,NCKAP1L
ENSG00000123352,SPATS2
ENSG00000123384,LRP1
ENSG00000123500,COL10A1
ENSG00000123975,CKS2
ENSG00000124006,OBSL1
ENSG00000124019,FAM124B
ENSG00000124107,SLPI
ENSG00000124143,ARHGAP40
ENSG00000124151,NCOA3
ENSG00000124164,VAPB
ENSG00000124198,ARFGEF2
ENSG00000124212,PTGIS
ENSG00000124217,MOCS3
ENSG00000124313,IQSEC2
ENSG00000124440,HIF3A
ENSG00000124491,F13A1
ENSG00000124496,TRERF1
ENSG00000124593,None
ENSG00000124664,SPDEF
ENSG00000124772,CPNE5
ENSG00000124784,RIOK1
ENSG00000124787,RPP40
ENSG00000124839,RAB17
ENSG00000124875,CXCL6
ENSG00000124920,MYRF
ENSG00000125245,GPR18
ENSG00000125257,ABCC4
ENSG00000125434,SLC25A35
ENSG00000125447,GGA3
ENSG00000125485,DDX31
ENSG00000125534,PPDPF
ENSG00000125648,SLC25A23
ENSG00000125657,TNFSF9
ENSG00000125731,SH2D3A
ENSG00000125821,DTD1
ENSG00000125848,FLRT3
ENSG00000125895,TMEM74B
ENSG00000125898,FAM110A
ENSG00000125944,HNRNPR
ENSG00000126264,HCST
ENSG00000126460,PRRG2
ENSG00000126562,WNK4
ENSG00000126705,AHDC1
ENSG00000126785,RHOJ
ENSG00000126787,DLGAP5
ENSG00000126838,PZP
ENSG00000127084,FGD3
ENSG00000127184,COX7C
ENSG00000127191,TRAF2
ENSG00000127325,BEST3
ENSG00000127334,DYRK2
ENSG00000127337,YEATS4
ENSG00000127423,AUNIP
ENSG00000127483,HP1BP3
ENSG00000127585,FBXL16
ENSG00000127586,CHTF18
ENSG00000127666,TICAM1
ENSG00000127838,PNKD
ENSG00000127920,GNG11
ENSG00000127955,GNAI1
ENSG00000128039,SRD5A3
ENSG00000128040,SPINK2
ENSG00000128165,ADM2
ENSG00000128340,RAC2
ENSG00000128383,APOBEC3A
ENSG00000128536,CDHR3
ENSG00000128694,OSGEPL1
ENSG00000128928,IVD
ENSG00000129048,ACKR4
ENSG00000129116,PALLD
ENSG00000129194,SOX15
ENSG00000129195,PIMREG
ENSG00000129295,DNAAF11
ENSG00000129422,MTUS1
ENSG00000129514,FOXA1
ENSG00000129657,SEC14L1
ENSG00000129810,SGO1
ENSG00000130037,KCNA5
ENSG00000130158,DOCK6
ENSG00000130164,LDLR
ENSG00000130204,TOMM40
ENSG00000130226,DPP6
ENSG00000130294,KIF1A
ENSG00000130332,LSM7
ENSG00000130349,MTRES1
ENSG00000130382,MLLT1
ENSG00000130479,MAP1S
ENSG00000130643,CALY
ENSG00000130653,PNPLA7
ENSG00000130699,TAF4
ENSG00000130741,EIF2S3
ENSG00000130755,GMFG
ENSG00000130762,ARHGEF16
ENSG00000130830,MPP1
ENSG00000130876,SLC7A10
ENSG00000130939,UBE4B
ENSG00000130956,HABP4
ENSG00000131018,SYNE1
ENSG00000131069,ACSS2
ENSG00000131115,ZNF227
ENSG00000131116,ZNF428
ENSG00000131148,EMC8
ENSG00000131183,SLC34A1
ENSG00000131196,NFATC1
ENSG00000131724,IL13RA1
ENSG00000131759,RARA
ENSG00000131773,KHDRBS3
ENSG00000131781,FMO5
ENSG00000131844,MCCC2
ENSG00000131871,SELENOS
ENSG00000131873,CHSY1
ENSG00000132182,NUP210
ENSG00000132199,ENOSF1
ENSG00000132341,RAN
ENSG00000132423,COQ3
ENSG00000132436,FIGNL1
ENSG00000132541,RIDA
ENSG00000132554,RGS22
ENSG00000132623,ANKEF1
ENSG00000132646,PCNA
ENSG00000132661,NXT1
ENSG00000132669,RIN2
ENSG00000132676,DAP3
ENSG00000132718,SYT11
ENSG00000132740,IGHMBP2
ENSG00000132768,DPH2
ENSG00000133028,SCO1
ENSG00000133048,CHI3L1
ENSG00000133065,SLC41A1
ENSG00000133069,TMCC2
ENSG00000133083,DCLK1
ENSG00000133112,TPT1
ENSG00000133135,RNF128
ENSG00000133247,KMT5C
ENSG00000133318,RTN3
ENSG00000133321,PLAAT4
ENSG00000133392,MYH11
ENSG00000133475,GGT2P
ENSG00000133488,SEC14L4
ENSG00000133519,ZDHHC8BP
ENSG00000133561,GIMAP6
ENSG00000133574,GIMAP4
ENSG00000133639,BTG1
ENSG00000133661,SFTPD
ENSG00000133687,TMTC1
ENSG00000133740,E2F5
ENSG00000133884,DPF2
ENSG00000133937,GSC
ENSG00000133958,UNC79
ENSG00000134057,CCNB1
ENSG00000134058,CDK7
ENSG00000134070,IRAK2
ENSG00000134107,BHLHE40
ENSG00000134152,KATNBL1
ENSG00000134245,WNT2B
ENSG00000134253,TRIM45
ENSG00000134508,CABLES1
ENSG00000134539,KLRD1
ENSG00000134571,MYBPC3
ENSG00000134575,ACP2
ENSG00000134755,DSC2
ENSG00000134757,DSG3
ENSG00000134758,RNF138
ENSG00000134760,DSG1
ENSG00000134775,FHOD3
ENSG00000134830,C5AR2
ENSG00000134864,GGACT
ENSG00000134917,ADAMTS8
ENSG00000135048,CEMIP2
ENSG00000135090,TAOK3
ENSG00000135093,USP30
ENSG00000135114,OASL
ENSG00000135119,RNFT2
ENSG00000135144,DTX1
ENSG00000135220,UGT2A3
ENSG00000135316,SYNCRIP
ENSG00000135346,CGA
ENSG00000135437,RDH5
ENSG00000135439,AGAP2
ENSG00000135476,ESPL1
ENSG00000135486,HNRNPA1
ENSG00000135519,KCNH3
ENSG00000135535,CD164
ENSG00000135540,NHSL1
ENSG00000135549,PKIB
ENSG00000135617,PRADC1
ENSG00000135722,FBXL8
ENSG00000135723,FHOD1
ENSG00000135766,EGLN1
ENSG00000135773,CAPN9
ENSG00000135821,GLUL
ENSG00000135828,RNASEL
ENSG00000135829,DHX9
ENSG00000135899,SP110
ENSG00000135905,DOCK10
ENSG00000136104,RNASEH2B
ENSG00000136108,CKAP2
ENSG00000136111,TBC1D4
ENSG00000136156,ITM2B
ENSG00000136160,EDNRB
ENSG00000136205,TNS3
ENSG00000136231,IGF2BP3
ENSG00000136238,RAC1
ENSG00000136250,AOAH
ENSG00000136267,DGKB
ENSG00000136286,MYO1G
ENSG00000136531,SCN2A
ENSG00000136573,BLK
ENSG00000136897,MRPL50
ENSG00000136943,CTSV
ENSG00000137078,SIT1
ENSG00000137098,SPAG8
ENSG00000137168,PPIL1
ENSG00000137193,PIM1
ENSG00000137309,HMGA1
ENSG00000137310,TCF19
ENSG00000137331,IER3
ENSG00000137393,RNF144B
ENSG00000137463,MGARP
ENSG00000137558,PI15
ENSG00000137713,PPP2R1B
ENSG00000137745,MMP13
ENSG00000137804,NUSAP1
ENSG00000137812,KNL1
ENSG00000137814,HAUS2
ENSG00000137819,PAQR5
ENSG00000137834,SMAD6
ENSG00000137842,TMEM62
ENSG00000137843,PAK6
ENSG00000137878,GCOM1
ENSG00000137941,TTLL7
ENSG00000137959,IFI44L
ENSG00000138002,IFT172
ENSG00000138071,ACTR2
ENSG00000138074,SLC5A6
ENSG00000138180,CEP55
ENSG00000138185,ENTPD1
ENSG00000138193,PLCE1
ENSG00000138231,DBR1
ENSG00000138311,ZNF365
ENSG00000138316,ADAMTS14
ENSG00000138336,TET1
ENSG00000138375,SMARCAL1
ENSG00000138378,STAT4
ENSG00000138381,ASNSD1
ENSG00000138399,FASTKD1
ENSG00000138411,HECW2
ENSG00000138430,OLA1
ENSG00000138463,SLC49A4
ENSG00000138615,CILP
ENSG00000138669,PRKG2
ENSG00000138722,MMRN1
ENSG00000138735,PDE5A
ENSG00000138741,TRPC3
ENSG00000138759,FRAS1
ENSG00000138771,SHROOM3
ENSG00000138821,SLC39A8
ENSG00000138829,FBN2
ENSG00000139117,CPNE8
ENSG00000139168,ZCRB1
ENSG00000139187,KLRG1
ENSG00000139190,VAMP1
ENSG00000139200,PIANP
ENSG00000139263,LRIG3
ENSG00000139445,FOXN4
ENSG00000139618,BRCA2
ENSG00000139626,ITGB7
ENSG00000139793,MBNL2
ENSG00000139880,CDH24
ENSG00000139910,NOVA1
ENSG00000139926,FRMD6
ENSG00000139946,PELI2
ENSG00000139974,SLC38A6
ENSG00000140043,PTGR2
ENSG00000140044,JDP2
ENSG00000140157,NIPA2
ENSG00000140320,BAHD1
ENSG00000140398,NEIL1
ENSG00000140543,DET1
ENSG00000140623,SEPTIN12
ENSG00000140650,PMM2
ENSG00000140678,ITGAX
ENSG00000140832,MARVELD3
ENSG00000140848,CPNE2
ENSG00000140859,KIFC3
ENSG00000140873,ADAMTS18
ENSG00000140905,GCSH
ENSG00000141068,KSR1
ENSG00000141161,UNC45B
ENSG00000141431,ASXL3
ENSG00000141434,MEP1B
ENSG00000141441,GAREM1
ENSG00000141506,PIK3R5
ENSG00000141540,TTYH2
ENSG00000141576,RNF157
ENSG00000141622,ARK2C
ENSG00000141655,TNFRSF11A
ENSG00000141682,PMAIP1
ENSG00000141736,ERBB2
ENSG00000141750,STAC2
ENSG00000141854,MISP3
ENSG00000141873,SLC39A3
ENSG00000142025,DMRTC2
ENSG00000142233,NTN5
ENSG00000142235,LMTK3
ENSG00000142405,NLRP12
ENSG00000142528,ZNF473
ENSG00000142632,ARHGEF19
ENSG00000142655,PEX14
ENSG00000142661,MYOM3
ENSG00000142748,FCN3
ENSG00000142867,BCL10
ENSG00000143067,ZNF697
ENSG00000143110,C1orf162
ENSG00000143127,ITGA10
ENSG00000143153,ATP1B1
ENSG00000143217,NECTIN4
ENSG00000143248,RGS5
ENSG00000143252,SDHC
ENSG00000143318,CASQ1
ENSG00000143324,XPR1
ENSG00000143337,TOR1AIP1
ENSG00000143375,CGN
ENSG00000143416,SELENBP1
ENSG00000143450,OAZ3
ENSG00000143457,GOLPH3L
ENSG00000143473,KCNH1
ENSG00000143546,S100A8
ENSG00000143553,SNAPIN
ENSG00000143554,SLC27A3
ENSG00000143621,ILF2
ENSG00000143748,NVL
ENSG00000143771,CNIH4
ENSG00000143799,PARP1
ENSG00000143816,WNT9A
ENSG00000143850,PLEKHA6
ENSG00000143977,SNRPG
ENSG00000144057,ST6GAL2
ENSG00000144120,TMEM177
ENSG00000144395,CCDC150
ENSG00000144406,UNC80
ENSG00000144452,ABCA12
ENSG00000144554,FANCD2
ENSG00000144677,CTDSPL
ENSG00000144815,NXPE3
ENSG00000144847,IGSF11
ENSG00000144867,SRPRB
ENSG00000145012,LPP
ENSG00000145016,RUBCN
ENSG00000145020,AMT
ENSG00000145050,MANF
ENSG00000145113,MUC4
ENSG00000145365,TIFA
ENSG00000145416,MARCHF1
ENSG00000145495,MARCHF6
ENSG00000145649,GZMA
ENSG00000145700,ANKRD31
ENSG00000145725,PPIP5K2
ENSG00000145757,SPATA9
ENSG00000145808,ADAMTS19
ENSG00000145819,ARHGAP26
ENSG00000145832,SLC25A48
ENSG00000145979,TBC1D7
ENSG00000146094,DOK3
ENSG00000146122,DAAM2
ENSG00000146233,CYP39A1
ENSG00000146242,TPBG
ENSG00000146374,RSPO3
ENSG00000146376,ARHGAP18
ENSG00000146411,SLC2A12
ENSG00000146477,SLC22A3
ENSG00000146733,PSPH
ENSG00000146757,ZNF92
ENSG00000146904,EPHA1
ENSG00000147155,EBP
ENSG00000147224,PRPS1
ENSG00000147234,FRMPD3
ENSG00000147255,IGSF1
ENSG00000147257,GPC3
ENSG00000147536,GINS4
ENSG00000147576,ADHFE1
ENSG00000147697,GSDMC
ENSG00000147799,ARHGAP39
ENSG00000147852,VLDLR
ENSG00000148082,SHC3
ENSG00000148143,ZNF462
ENSG00000148219,ASTN2
ENSG00000148248,SURF4
ENSG00000148346,LCN2
ENSG00000148400,NOTCH1
ENSG00000148488,ST8SIA6
ENSG00000148516,ZEB1
ENSG00000148803,FUOM
ENSG00000148935,GAS2
ENSG00000148950,IMMP1L
ENSG00000148985,PGAP2
ENSG00000149090,PAMR1
ENSG00000149256,TENM4
ENSG00000149328,GLB1L2
ENSG00000149346,SLX4IP
ENSG00000149503,INCENP
ENSG00000149557,FEZ1
ENSG00000149564,ESAM
ENSG00000149575,SCN2B
ENSG00000149582,TMEM25
ENSG00000149596,JPH2
ENSG00000149633,KIAA1755
ENSG00000149798,CDC42EP2
ENSG00000149970,CNKSR2
ENSG00000150281,CTF1
ENSG00000150337,FCGR1A
ENSG00000150637,CD226
ENSG00000150907,FOXO1
ENSG00000150991,UBC
ENSG00000151014,NOCT
ENSG00000151090,THRB
ENSG00000151247,EIF4E
ENSG00000151287,TEX30
ENSG00000151320,AKAP6
ENSG00000151322,NPAS3
ENSG00000151470,C4orf33
ENSG00000151576,QTRT2
ENSG00000151632,AKR1C2
ENSG00000151725,CENPU
ENSG00000151726,ACSL1
ENSG00000152147,GEMIN6
ENSG00000152193,OBI1
ENSG00000152208,GRID2
ENSG00000152270,PDE3B
ENSG00000152402,GUCY1A2
ENSG00000152503,TRIM36
ENSG00000152642,GPD1L
ENSG00000152661,GJA1
ENSG00000152689,RASGRP3
ENSG00000152954,NRSN1
ENSG00000153060,TEKT5
ENSG00000153132,CLGN
ENSG00000153303,FRMD1
ENSG00000153317,ASAP1
ENSG00000153347,FAM81B
ENSG00000153363,LINC00467
ENSG00000153561,RMND5A
ENSG00000153563,CD8A
ENSG00000153814,JAZF1
ENSG00000153930,ANKFN1
ENSG00000153989,NUS1
ENSG00000153993,SEMA3D
ENSG00000154016,GRAP
ENSG00000154027,AK5
ENSG00000154127,UBASH3B
ENSG00000154188,ANGPT1
ENSG00000154217,PITPNC1
ENSG00000154237,LRRK1
ENSG00000154258,ABCA9
ENSG00000154262,ABCA6
ENSG00000154263,ABCA10
ENSG00000154274,C4orf19
ENSG00000154305,MIA3
ENSG00000154451,GBP5
ENSG00000154548,SRSF12
ENSG00000154803,FLCN
ENSG00000154839,SKA1
ENSG00000155066,PROM2
ENSG00000155744,HYCC2
ENSG00000155755,TMEM237
ENSG00000155961,RAB39B
ENSG00000155962,CLIC2
ENSG00000156030,MIDEAS
ENSG00000156050,FAM161B
ENSG00000156284,CLDN8
ENSG00000156299,TIAM1
ENSG00000156463,SH3RF2
ENSG00000156650,KAT6B
ENSG00000156875,MFSD14A
ENSG00000157107,FCHO2
ENSG00000157110,RBPMS
ENSG00000157350,ST3GAL2
ENSG00000157450,RNF111
ENSG00000157613,CREB3L1
ENSG00000157617,C2CD2
ENSG00000157654,PALM2AKAP2
ENSG00000157851,DPYSL5
ENSG00000157881,PANK4
ENSG00000157911,PEX10
ENSG00000157927,RADIL
ENSG00000157954,WIPI2
ENSG00000157999,ANKRD61
ENSG00000158050,DUSP2
ENSG00000158234,FAIM
ENSG00000158402,CDC25C
ENSG00000158473,CD1D
ENSG00000158747,NBL1
ENSG00000158859,ADAMTS4
ENSG00000159131,GART
ENSG00000159216,RUNX1
ENSG00000159261,CLDN14
ENSG00000159267,HLCS
ENSG00000159348,CYB5R1
ENSG00000159674,SPON2
ENSG00000159713,TPPP3
ENSG00000159840,ZYX
ENSG00000160050,CCDC28B
ENSG00000160161,CILP2
ENSG00000160193,WDR4
ENSG00000160199,PKNOX1
ENSG00000160213,CSTB
ENSG00000160570,DEDD2
ENSG00000160606,TLCD1
ENSG00000160685,ZBTB7B
ENSG00000160716,CHRNB2
ENSG00000160753,RUSC1
ENSG00000160796,NBEAL2
ENSG00000160870,CYP3A7
ENSG00000160888,IER2
ENSG00000160957,RECQL4
ENSG00000161249,DMKN
ENSG00000161267,BDH1
ENSG00000161277,THAP8
ENSG00000161544,CYGB
ENSG00000161558,TMEM143
ENSG00000161835,TAMALIN
ENSG00000161847,RAVER1
ENSG00000161888,SPC24
ENSG00000161921,CXCL16
ENSG00000161958,FGF11
ENSG00000162066,AMDHD2
ENSG00000162078,ZG16B
ENSG00000162144,CYB561A3
ENSG00000162188,GNG3
ENSG00000162373,BEND5
ENSG00000162377,COA7
ENSG00000162437,RAVER2
ENSG00000162543,UBXN10
ENSG00000162594,IL23R
ENSG00000162616,DNAJB4
ENSG00000162639,HENMT1
ENSG00000162711,NLRP3
ENSG00000162769,FLVCR1
ENSG00000162804,SNED1
ENSG00000162849,KIF26B
ENSG00000162994,CLHC1
ENSG00000163041,H3-3A
ENSG00000163053,SLC16A14
ENSG00000163075,CFAP221
ENSG00000163082,SGPP2
ENSG00000163110,PDLIM5
ENSG00000163166,IWS1
ENSG00000163220,S100A9
ENSG00000163293,NIPAL1
ENSG00000163319,MRPS18C
ENSG00000163347,CLDN1
ENSG00000163348,PYGO2
ENSG00000163362,INAVA
ENSG00000163364,LINC01116
ENSG00000163421,PROK2
ENSG00000163435,ELF3
ENSG00000163462,TRIM46
ENSG00000163466,ARPC2
ENSG00000163492,CCDC141
ENSG00000163512,AZI2
ENSG00000163517,HDAC11
ENSG00000163520,FBLN2
ENSG00000163606,CD200R1
ENSG00000163689,CFAP20DC
ENSG00000163794,UCN
ENSG00000163812,ZDHHC3
ENSG00000163823,CCR1
ENSG00000163874,ZC3H12A
ENSG00000163909,HEYL
ENSG00000163913,IFT122
ENSG00000164002,EXO5
ENSG00000164038,SLC9B2
ENSG00000164039,BDH2
ENSG00000164045,CDC25A
ENSG00000164061,BSN
ENSG00000164088,PPM1M
ENSG00000164099,PRSS12
ENSG00000164125,GASK1B
ENSG00000164161,HHIP
ENSG00000164172,MOCS2
ENSG00000164199,ADGRV1
ENSG00000164236,ANKRD33B
ENSG00000164252,AGGF1
ENSG00000164330,EBF1
ENSG00000164362,TERT
ENSG00000164440,TXLNB
ENSG00000164466,SFXN1
ENSG00000164535,DAGLB
ENSG00000164542,MATCAP2
ENSG00000164576,SAP30L
ENSG00000164620,RELL2
ENSG00000164663,USP49
ENSG00000164692,COL1A2
ENSG00000164715,LMTK2
ENSG00000164758,MED30
ENSG00000164761,TNFRSF11B
ENSG00000164893,SLC7A13
ENSG00000164951,PDP1
ENSG00000165060,FXN
ENSG00000165124,SVEP1
ENSG00000165164,CFAP47
ENSG00000165175,MID1IP1
ENSG00000165185,KIAA1958
ENSG00000165244,ZNF367
ENSG00000165312,OTUD1
ENSG00000165383,LRRC18
ENSG00000165474,GJB2
ENSG00000165496,RPL10L
ENSG00000165511,ZNF22-AS1
ENSG00000165516,KLHDC2
ENSG00000165526,RPUSD4
ENSG00000165548,TMEM63C
ENSG00000165633,VSTM4
ENSG00000165704,HPRT1
ENSG00000165795,NDRG2
ENSG00000165810,BTNL9
ENSG00000165816,VWA2
ENSG00000165821,SALL2
ENSG00000165905,LARGE2
ENSG00000165912,PACSIN3
ENSG00000165917,RAPSN
ENSG00000165935,SMCO2
ENSG00000166004,CEP295
ENSG00000166006,KCNC2
ENSG00000166046,TCP11L2
ENSG00000166106,ADAMTS15
ENSG00000166123,GPT2
ENSG00000166126,AMN
ENSG00000166165,CKB
ENSG00000166171,DPCD
ENSG00000166261,ZNF202
ENSG00000166313,APBB1
ENSG00000166391,MOGAT2
ENSG00000166398,GARRE1
ENSG00000166408,OR5P1P
ENSG00000166510,CCDC68
ENSG00000166548,TK2
ENSG00000166557,TMED3
ENSG00000166596,CFAP52
ENSG00000166736,HTR3A
ENSG00000166750,SLFN5
ENSG00000166803,PCLAF
ENSG00000166816,LDHD
ENSG00000166825,ANPEP
ENSG00000166912,MTMR10
ENSG00000166922,SCG5
ENSG00000166949,SMAD3
ENSG00000167080,B4GALNT2
ENSG00000167094,TTC16
ENSG00000167130,DOLPP1
ENSG00000167191,GPRC5B
ENSG00000167380,ZNF226
ENSG00000167384,ZNF180
ENSG00000167460,TPM4
ENSG00000167508,MVD
ENSG00000167513,CDT1
ENSG00000167549,CORO6
ENSG00000167600,CYP2S1
ENSG00000167617,CDC42EP5
ENSG00000167632,TRAPPC9
ENSG00000167702,KIFC2
ENSG00000167767,KRT80
ENSG00000167772,ANGPTL4
ENSG00000167779,IGFBP6
ENSG00000167850,CD300C
ENSG00000167874,TMEM88
ENSG00000167889,MGAT5B
ENSG00000168026,TTC21A
ENSG00000168061,SAC3D1
ENSG00000168066,SF1
ENSG00000168078,PBK
ENSG00000168243,GNG4
ENSG00000168303,MPLKIP
ENSG00000168356,SCN11A
ENSG00000168411,RFWD3
ENSG00000168439,STIP1
ENSG00000168496,FEN1
ENSG00000168539,CHRM1
ENSG00000168646,AXIN2
ENSG00000168658,VWA3B
ENSG00000168852,TPTE2P5
ENSG00000168872,DDX19A
ENSG00000168890,TMEM150A
ENSG00000168907,PLA2G4F
ENSG00000168913,ENHO
ENSG00000168961,LGALS9
ENSG00000169026,SLC49A3
ENSG00000169045,HNRNPH1
ENSG00000169083,AR
ENSG00000169174,PCSK9
ENSG00000169180,XPO6
ENSG00000169218,RSPO1
ENSG00000169247,SH3TC2
ENSG00000169251,NMD3
ENSG00000169432,SCN9A
ENSG00000169495,HTRA4
ENSG00000169499,PLEKHA2
ENSG00000169583,CLIC3
ENSG00000169660,HEXD
ENSG00000169684,CHRNA5
ENSG00000169715,MT1E
ENSG00000169760,NLGN1
ENSG00000169871,TRIM56
ENSG00000169894,MUC3A
ENSG00000169902,TPST1
ENSG00000169926,KLF13
ENSG00000169946,ZFPM2
ENSG00000170054,SERPINA9
ENSG00000170190,SLC16A5
ENSG00000170191,NANP
ENSG00000170231,FABP6
ENSG00000170242,USP47
ENSG00000170293,CMTM8
ENSG00000170298,LGALS9B
ENSG00000170365,SMAD1
ENSG00000170379,TCAF2
ENSG00000170390,DCLK2
ENSG00000170540,ARL6IP1
ENSG00000170624,SGCD
ENSG00000170677,SOCS6
ENSG00000170779,CDCA4
ENSG00000170790,OR10A2
ENSG00000170835,CEL
ENSG00000170837,GPR27
ENSG00000170891,CYTL1
ENSG00000170959,DCDC1
ENSG00000170962,PDGFD
ENSG00000171033,PKIA
ENSG00000171053,PATE1
ENSG00000171084,FAM86JP
ENSG00000171100,MTM1
ENSG00000171224,FAM241B
ENSG00000171227,TMEM37
ENSG00000171236,LRG1
ENSG00000171243,SOSTDC1
ENSG00000171291,ZNF439
ENSG00000171303,KCNK3
ENSG00000171320,ESCO2
ENSG00000171431,KRT20
ENSG00000171433,GLOD5
ENSG00000171451,DSEL
ENSG00000171462,DLK2
ENSG00000171603,CLSTN1
ENSG00000171606,ZNF274
ENSG00000171617,ENC1
ENSG00000171631,P2RY6
ENSG00000171793,CTPS1
ENSG00000171819,ANGPTL7
ENSG00000171848,RRM2
ENSG00000171860,C3AR1
ENSG00000171867,PRNP
ENSG00000171885,AQP4
ENSG00000171943,SRGAP2C
ENSG00000171989,LDHAL6B
ENSG00000172071,EIF2AK3
ENSG00000172086,KRCC1
ENSG00000172197,MBOAT1
ENSG00000172244,C5orf34
ENSG00000172292,CERS6
ENSG00000172349,IL16
ENSG00000172361,CFAP53
ENSG00000172379,ARNT2
ENSG00000172382,PRSS27
ENSG00000172409,CLP1
ENSG00000172428,COPS9
ENSG00000172543,CTSW
ENSG00000172667,ZMAT3
ENSG00000172724,CCL19
ENSG00000172731,LRRC20
ENSG00000172765,TMCC1
ENSG00000172824,CES4A
ENSG00000172828,CES3
ENSG00000172985,SH3RF3
ENSG00000173068,BNC2
ENSG00000173137,ADCK5
ENSG00000173156,RHOD
ENSG00000173193,PARP14
ENSG00000173200,PARP15
ENSG00000173210,ABLIM3
ENSG00000173214,MFSD4B
ENSG00000173221,GLRX
ENSG00000173267,SNCG
ENSG00000173421,IHO1
ENSG00000173511,VEGFB
ENSG00000173581,CCDC106
ENSG00000173674,EIF1AX
ENSG00000173715,TOP6BL
ENSG00000173991,TCAP
ENSG00000174004,NRROS
ENSG00000174007,CEP19
ENSG00000174015,CBY2
ENSG00000174125,TLR1
ENSG00000174225,ARL13A
ENSG00000174233,ADCY6
ENSG00000174348,PODN
ENSG00000174442,ZWILCH
ENSG00000174564,IL20RB
ENSG00000174740,PABPC5
ENSG00000174844,DNAH12
ENSG00000174899,SLC66A1LP
ENSG00000174945,AMZ1
ENSG00000174946,GPR171
ENSG00000174951,FUT1
ENSG00000175137,SH3BP5L
ENSG00000175147,TMEM51-AS1
ENSG00000175161,CADM2
ENSG00000175325,PROP1
ENSG00000175455,CCDC14
ENSG00000175482,POLD4
ENSG00000175600,SUGCT
ENSG00000175606,TMEM70
ENSG00000175711,B3GNTL1
ENSG00000175727,MLXIP
ENSG00000175779,LINC02694
ENSG00000175967,LINC02880
ENSG00000176018,LYSMD3
ENSG00000176083,ZNF683
ENSG00000176134,None
ENSG00000176194,CIDEA
ENSG00000176273,SLC35G1
ENSG00000176393,RNPEP
ENSG00000176401,EID2B
ENSG00000176410,DNAJC30
ENSG00000176769,TCERG1L
ENSG00000176809,LRRC37A3
ENSG00000176834,VSIG10
ENSG00000176890,TYMS
ENSG00000176946,THAP4
ENSG00000177000,MTHFR
ENSG00000177239,MAN1B1
ENSG00000177272,KCNA3
ENSG00000177301,KCNA2
ENSG00000177406,NINJ2-AS1
ENSG00000177465,ACOT4
ENSG00000177483,RBM44
ENSG00000178035,IMPDH2
ENSG00000178078,STAP2
ENSG00000178105,DDX10
ENSG00000178171,AMER3
ENSG00000178201,VN1R1
ENSG00000178229,ZNF543
ENSG00000178449,COX14
ENSG00000178537,SLC25A20
ENSG00000178685,PARP10
ENSG00000178691,SUZ12
ENSG00000178803,ADORA2A-AS1
ENSG00000178828,RNF186
ENSG00000178852,EFCAB13
ENSG00000178965,ERICH3
ENSG00000178980,SELENOW
ENSG00000178996,SNX18
ENSG00000179051,RCC2
ENSG00000179134,SAMD4B
ENSG00000179222,MAGED1
ENSG00000179240,GVQW3
ENSG00000179300,RTL3
ENSG00000179361,ARID3B
ENSG00000179564,LSMEM2
ENSG00000179743,SPEN-AS1
ENSG00000179761,PIPOX
ENSG00000179813,FAM216B
ENSG00000179846,NKPD1
ENSG00000179934,CCR8
ENSG00000179938,GOLGA8J
ENSG00000179943,FIZ1
ENSG00000180096,SEPTIN1
ENSG00000180383,DEFB124
ENSG00000180537,RNF182
ENSG00000180549,FUT7
ENSG00000180611,MB21D2
ENSG00000180660,MAB21L1
ENSG00000180938,ZNF572
ENSG00000181104,F2R
ENSG00000181143,MUC16
ENSG00000181191,PJA1
ENSG00000181222,POLR2A
ENSG00000181523,SGSH
ENSG00000181585,TMIE
ENSG00000181588,MEX3D
ENSG00000181690,PLAG1
ENSG00000181773,GPR3
ENSG00000181885,CLDN7
ENSG00000181938,GINS3
ENSG00000182010,RTKN2
ENSG00000182107,TMEM30B
ENSG00000182117,NOP10
ENSG00000182134,TDRKH
ENSG00000182175,RGMA
ENSG00000182247,UBE2E2
ENSG00000182287,AP1S2
ENSG00000182307,C8orf33
ENSG00000182318,ZSCAN22
ENSG00000182329,KIAA2012
ENSG00000182379,NXPH4
ENSG00000182472,CAPN12
ENSG00000182518,VCF2
ENSG00000182628,SKA2
ENSG00000182752,PAPPA
ENSG00000182771,GRID1
ENSG00000182902,SLC25A18
ENSG00000182903,ZNF721
ENSG00000183018,SPNS2
ENSG00000183044,ABAT
ENSG00000183054,RGPD6
ENSG00000183150,GPR19
ENSG00000183340,JRKL
ENSG00000183378,OVCH2
ENSG00000183458,PKD1P3
ENSG00000183506,PI4KAP2
ENSG00000183542,KLRC4
ENSG00000183570,PCBP3
ENSG00000183666,GUSBP1
ENSG00000183742,MACC1
ENSG00000183765,CHEK2
ENSG00000183876,ARSI
ENSG00000183943,PRKX
ENSG00000184005,ST6GALNAC3
ENSG00000184076,UQCR10
ENSG00000184113,CLDN5
ENSG00000184220,CMSS1
ENSG00000184305,CCSER1
ENSG00000184371,CSF1
ENSG00000184481,FOXO4
ENSG00000184497,TMEM255B
ENSG00000184557,SOCS3
ENSG00000184574,LPAR5
ENSG00000184588,PDE4B
ENSG00000184669,OR7E14P
ENSG00000184786,DYNLT2
ENSG00000184811,TRARG1
ENSG00000184831,APOO
ENSG00000184860,SDR42E1
ENSG00000184898,RBM43
ENSG00000184905,TCEAL2
ENSG00000184925,LCN12
ENSG00000185002,RFX6
ENSG00000185049,NELFA
ENSG00000185105,MYADML2
ENSG00000185122,HSF1
ENSG00000185156,MFSD6L
ENSG00000185252,ZNF74
ENSG00000185274,GALNT17
ENSG00000185332,TMEM105
ENSG00000185340,GAS2L1
ENSG00000185352,HS6ST3
ENSG00000185467,KPNA7
ENSG00000185480,PARPBP
ENSG00000185515,BRCC3
ENSG00000185551,NR2F2
ENSG00000185591,SP1
ENSG00000185624,P4HB
ENSG00000185650,ZFP36L1
ENSG00000185664,PMEL
ENSG00000185722,ANKFY1
ENSG00000185803,SLC52A2
ENSG00000185838,GNB1L
ENSG00000185862,EVI2B
ENSG00000185905,C16orf54
ENSG00000185963,BICD2
ENSG00000186007,LEMD1
ENSG00000186009,ATP4B
ENSG00000186086,NBPF6
ENSG00000186088,GSAP
ENSG00000186283,TOR3A
ENSG00000186326,RGS9BP
ENSG00000186340,THBS2
ENSG00000186687,LYRM7
ENSG00000186847,KRT14
ENSG00000186862,PDZD7
ENSG00000186889,TMEM17
ENSG00000186952,TMEM232
ENSG00000186976,EFCAB6
ENSG00000187013,LINC02875
ENSG00000187017,ESPN
ENSG00000187037,GPR141
ENSG00000187066,TMEM262
ENSG00000187098,MITF
ENSG00000187118,CMC1
ENSG00000187242,KRT12
ENSG00000187391,MAGI2
ENSG00000187492,CDHR4
ENSG00000187634,SAMD11
ENSG00000187726,DNAJB13
ENSG00000187790,FANCM
ENSG00000187808,SOWAHD
ENSG00000187815,ZFP69
ENSG00000187840,EIF4EBP1
ENSG00000187862,TTC24
ENSG00000187957,DNER
ENSG00000188107,EYS
ENSG00000188211,NCR3LG1
ENSG00000188215,DCUN1D3
ENSG00000188295,ZNF669
ENSG00000188312,CENPP
ENSG00000188389,PDCD1
ENSG00000188612,SUMO2
ENSG00000188649,CC2D2B
ENSG00000188659,SAXO2
ENSG00000188707,ZBED10P
ENSG00000188761,BCL2L15
ENSG00000188778,ADRB3
ENSG00000188817,SNTN
ENSG00000188820,CALHM6
ENSG00000188822,CNR2
ENSG00000188828,GLRA4
ENSG00000188833,ENTPD8
ENSG00000188906,LRRK2
ENSG00000188921,HACD4
ENSG00000189042,ZNF567
ENSG00000189050,RNFT1
ENSG00000189057,FAM111B
ENSG00000189060,H1-0
ENSG00000189091,SF3B3
ENSG00000189129,PLAC9
ENSG00000189159,JPT1
ENSG00000189409,MMP23B
ENSG00000196118,CFAP119
ENSG00000196126,HLA-DRB1
ENSG00000196136,SERPINA3
ENSG00000196196,HRCT1
ENSG00000196209,SIRPB2
ENSG00000196247,ZNF107
ENSG00000196277,GRM7
ENSG00000196295,GARS1-DT
ENSG00000196368,NUDT11
ENSG00000196411,EPHB4
ENSG00000196449,YRDC
ENSG00000196460,RFX8
ENSG00000196465,MYL6B
ENSG00000196497,IPO4
ENSG00000196550,FAM72A
ENSG00000196562,SULF2
ENSG00000196581,AJAP1
ENSG00000196611,MMP1
ENSG00000196628,TCF4
ENSG00000196659,IFT70B
ENSG00000196664,TLR7
ENSG00000196793,ZNF239
ENSG00000196814,MVB12B
ENSG00000196968,FUT11
ENSG00000196990,FAM163B
ENSG00000196998,WDR45
ENSG00000197057,DTHD1
ENSG00000197102,DYNC1H1
ENSG00000197124,ZNF682
ENSG00000197128,ZNF772
ENSG00000197299,BLM
ENSG00000197324,LRP10
ENSG00000197363,ZNF517
ENSG00000197444,OGDHL
ENSG00000197472,ZNF695
ENSG00000197479,PCDHB11
ENSG00000197558,SSPOP
ENSG00000197565,COL4A6
ENSG00000197576,HOXA4
ENSG00000197584,KCNMB2
ENSG00000197622,CDC42SE1
ENSG00000197702,PARVA
ENSG00000197859,ADAMTSL2
ENSG00000197928,ZNF677
ENSG00000197961,ZNF121
ENSG00000197971,MBP
ENSG00000198000,NOL8
ENSG00000198018,ENTPD7
ENSG00000198053,SIRPA
ENSG00000198056,PRIM1
ENSG00000198088,NUP62CL
ENSG00000198108,CHSY3
ENSG00000198178,CLEC4C
ENSG00000198218,QRICH1
ENSG00000198453,ZNF568
ENSG00000198483,ANKRD35
ENSG00000198517,MAFK
ENSG00000198535,C2CD4A
ENSG00000198556,ZNF789
ENSG00000198604,BAZ1A
ENSG00000198715,GLMP
ENSG00000198723,SAXO5
ENSG00000198729,PPP1R14C
ENSG00000198752,CDC42BPB
ENSG00000198768,APCDD1L
ENSG00000198774,RASSF9
ENSG00000198795,ZNF521
ENSG00000198807,PAX9
ENSG00000198821,CD247
ENSG00000198844,ARHGEF15
ENSG00000198908,GPRASP3
ENSG00000198911,SREBF2
ENSG00000198915,RASGEF1A
ENSG00000198929,NOS1AP
ENSG00000198932,GPRASP1
ENSG00000198951,NAGA
ENSG00000198959,TGM2
ENSG00000198963,RORB
ENSG00000200795,RNU4-1
ENSG00000203435,E2F3P2
ENSG00000203446,SUGCT-AS1
ENSG00000203705,TATDN3
ENSG00000203730,TEDDM1
ENSG00000203739,PRDX6-AS1
ENSG00000203778,FAM229B
ENSG00000203780,FANK1
ENSG00000203930,LINC00632
ENSG00000204120,GIGYF2
ENSG00000204128,C2orf72
ENSG00000204131,NHSL2
ENSG00000204138,PHACTR4
ENSG00000204175,GPRIN2
ENSG00000204176,SYT15
ENSG00000204209,DAXX
ENSG00000204228,HSD17B8
ENSG00000204257,HLA-DMA
ENSG00000204262,COL5A2
ENSG00000204301,NOTCH4
ENSG00000204381,LAYN
ENSG00000204387,SNHG32
ENSG00000204392,LSM2
ENSG00000204623,POLR1HASP
ENSG00000204624,DISP3
ENSG00000204628,RACK1
ENSG00000204653,ASPDH
ENSG00000204839,MROH6
ENSG00000204856,FAM216A
ENSG00000204991,SPIRE2
ENSG00000205133,TRIQK
ENSG00000205155,PSENEN
ENSG00000205269,TMEM170B
ENSG00000205362,MT1A
ENSG00000205364,MT1M
ENSG00000205403,CFI
ENSG00000205426,KRT81
ENSG00000205667,ARSH
ENSG00000205740,None
ENSG00000205795,CYS1
ENSG00000205838,TTC23L
ENSG00000205937,RNPS1
ENSG00000206052,DOK6
ENSG00000206113,CFAP99
ENSG00000206144,MAPK6P1
ENSG00000206418,RAB12
ENSG00000206538,VGLL3
ENSG00000211459,MT-RNR1
ENSG00000211699,TRGV3
ENSG00000211751,TRBC1
ENSG00000211772,TRBC2
ENSG00000211829,TRDC
ENSG00000211890,IGHA2
ENSG00000211895,IGHA1
ENSG00000213024,NUP62
ENSG00000213057,C1orf220
ENSG00000213073,CHP1P2
ENSG00000213139,CRYGS
ENSG00000213316,LTC4S
ENSG00000213337,ANKRD39
ENSG00000213402,PTPRCAP
ENSG00000213719,CLIC1
ENSG00000213886,UBD
ENSG00000213888,LINC01521
ENSG00000213972,HNRNPA3P17
ENSG00000214029,ZNF891
ENSG00000214106,PAXIP1-AS2
ENSG00000214174,AMZ2P1
ENSG00000214279,SCART1
ENSG00000214389,RPS3AP26
ENSG00000214706,IFRD2
ENSG00000214787,MS4A4E
ENSG00000215237,None
ENSG00000215283,HMGB3P24
ENSG00000215386,MIR99AHG
ENSG00000215630,GUSBP9
ENSG00000215914,MMP23A
ENSG00000216490,IFI30
ENSG00000218052,ADAMTS7P4
ENSG00000221817,PPP3CB-AS1
ENSG00000221829,FANCG
ENSG00000221926,TRIM16
ENSG00000222011,FAM185A
ENSG00000222041,CYTOR
ENSG00000222047,C10orf55
ENSG00000223443,USP17L2
ENSG00000223511,LINC02968
ENSG00000223573,TINCR
ENSG00000223658,C1GALT1C1L
ENSG00000223705,NSUN5P1
ENSG00000223813,PRR15-DT
ENSG00000223947,None
ENSG00000224078,SNHG14
ENSG00000224137,LINC01857
ENSG00000224272,None
ENSG00000224383,PRR29
ENSG00000224389,C4B
ENSG00000224531,SMIM13
ENSG00000224618,KLHL25P1
ENSG00000224743,TEX26-AS1
ENSG00000225051,HMGB3P22
ENSG00000225125,RANP4
ENSG00000225215,SMARCE1P1
ENSG00000225313,None
ENSG00000225342,LRRK2-DT
ENSG00000225421,None
ENSG00000225652,KCNMA1-AS3
ENSG00000225670,CADM3-AS1
ENSG00000225792,SNX10-AS1
ENSG00000225808,DNAJC19P5
ENSG00000225872,TEX14BP
ENSG00000225880,LINC00115
ENSG00000225889,None
ENSG00000226017,PRICKLE2-AS3
ENSG00000226237,GAS1RR
ENSG00000226239,None
ENSG00000226380,None
ENSG00000226415,TPI1P1
ENSG00000226552,None
ENSG00000226690,C7orf78
ENSG00000226723,None
ENSG00000226741,LINC02554
ENSG00000226957,None
ENSG00000227028,SLC8A1-AS1
ENSG00000227038,GTF2IP7
ENSG00000227057,WDR46
ENSG00000227191,TRGC2
ENSG00000227252,COPS8-DT
ENSG00000227388,None
ENSG00000227615,None
ENSG00000227638,HNRNPA1P14
ENSG00000227769,None
ENSG00000227775,None
ENSG00000227799,CDPF1P1
ENSG00000227855,DPY19L2P3
ENSG00000227892,OR5P4P
ENSG00000227953,LINC01341
ENSG00000227954,TARID
ENSG00000228000,RPL7AP65
ENSG00000228037,None
ENSG00000228061,None
ENSG00000228149,RPL3P1
ENSG00000228166,MTND1P11
ENSG00000228393,None
ENSG00000228421,None
ENSG00000228486,C2orf92
ENSG00000228630,HOTAIR
ENSG00000228638,FCF1P2
ENSG00000228643,None
ENSG00000228677,TTC3-AS1
ENSG00000228705,LINC00659
ENSG00000228727,SAPCD1
ENSG00000228906,None
ENSG00000228915,OR7E128P
ENSG00000228925,None
ENSG00000229222,KRT18P4
ENSG00000229591,None
ENSG00000229644,NAMPTP1
ENSG00000229694,None
ENSG00000229754,CXCR2P1
ENSG00000229852,KHDC1-AS1
ENSG00000229891,LINC01315
ENSG00000230018,PPIAP39
ENSG00000230054,TEX53
ENSG00000230314,ELOVL2-AS1
ENSG00000230316,FEZF1-AS1
ENSG00000230393,None
ENSG00000230461,PROX1-AS1
ENSG00000230487,PSMG3-AS1
ENSG00000230552,None
ENSG00000230650,None
ENSG00000230756,RHOQP3
ENSG00000230872,MFSD13B
ENSG00000230902,FAM204CP
ENSG00000230937,MIR205HG
ENSG00000231035,RPL7L1P9
ENSG00000231106,LINC01436
ENSG00000231113,LINC02976
ENSG00000231252,None
ENSG00000231367,LINC02613
ENSG00000231607,DLEU2
ENSG00000231615,None
ENSG00000231711,LINC00899
ENSG00000231875,None
ENSG00000231925,TAPBP
ENSG00000231991,ANXA2P2
ENSG00000232093,DCST1-AS1
ENSG00000232234,None
ENSG00000232442,MHENCR
ENSG00000232677,LINC00665
ENSG00000232888,RPS11P5
ENSG00000233012,HDAC1P2
ENSG00000233078,None
ENSG00000233237,LINC00472
ENSG00000233461,None
ENSG00000233554,B4GALT1-AS1
ENSG00000233579,KRT8P15
ENSG00000233729,NCKAP5-AS1
ENSG00000233806,LINC01237
ENSG00000233868,LLPHP3
ENSG00000233930,KRTAP5-AS1
ENSG00000233937,None
ENSG00000233979,RPL22P21
ENSG00000234129,HCCS-DT
ENSG00000234325,MRPS10P2
ENSG00000234345,ELF2P1
ENSG00000234432,LINC02983
ENSG00000234444,ZNF736
ENSG00000234511,C5orf58
ENSG00000234690,EPCAM-DT
ENSG00000234715,SLC26A5-AS1
ENSG00000234782,TPT1P9
ENSG00000234807,JUN-DT
ENSG00000234828,IQCM
ENSG00000234949,RAB17-DT
ENSG00000235027,PRADX
ENSG00000235049,LINC00940
ENSG00000235173,HGH1
ENSG00000235194,PPP1R3E
ENSG00000235387,SPAAR
ENSG00000235532,LINC00402
ENSG00000235619,RPL36AP33
ENSG00000235641,LINC00484
ENSG00000235669,CHN2-AS1
ENSG00000235823,OLMALINC
ENSG00000235865,GSN-AS1
ENSG00000235914,MACROD2-AS1
ENSG00000236088,COX10-DT
ENSG00000236166,None
ENSG00000236204,LINC01376
ENSG00000236340,GRM8-AS1
ENSG00000236452,None
ENSG00000236510,None
ENSG00000236564,YWHAQP5
ENSG00000236778,INTS6-AS1
ENSG00000237004,ZNRF2P1
ENSG00000237037,NDUFA6-DT
ENSG00000237070,None
ENSG00000237181,PRKAR1B-AS1
ENSG00000237307,SRRM1P3
ENSG00000237350,CDC42P6
ENSG00000237361,TUSC8
ENSG00000237387,None
ENSG00000237399,PITRM1-AS1
ENSG00000237476,LINC01637
ENSG00000237499,WAKMAR2
ENSG00000237686,SCIRT
ENSG00000237750,KCNH7-AS1
ENSG00000237861,None
ENSG00000237883,DGUOK-AS1
ENSG00000237940,None
ENSG00000237976,RFX5-AS1
ENSG00000237988,OR2I1P
ENSG00000238113,LINC01410
ENSG00000238121,LINC00426
ENSG00000238164,TNFRSF14-AS1
ENSG00000238213,TARDBPP2
ENSG00000239389,PCDHA13
ENSG00000239453,SIDT1-AS1
ENSG00000239697,TNFSF12
ENSG00000239961,LILRA4
ENSG00000240024,SNHG33
ENSG00000240204,SMKR1
ENSG00000240244,GAPDHP33
ENSG00000240338,None
ENSG00000240411,RPL5P16
ENSG00000240429,LRRFIP1P1
ENSG00000240738,RPL6P22
ENSG00000240755,ERLEC1P1
ENSG00000241158,ADAMTS9-AS1
ENSG00000241230,RN7SL801P
ENSG00000241399,CD302
ENSG00000241506,PSMC1P1
ENSG00000241684,ADAMTS9-AS2
ENSG00000241738,ZNF90P1
ENSG00000241755,IGKV1-9
ENSG00000242125,SNHG3
ENSG00000242252,BGLAP
ENSG00000242259,C22orf39
ENSG00000242419,PCDHGC4
ENSG00000242488,None
ENSG00000242612,DECR2
ENSG00000242767,ZBTB20-AS4
ENSG00000243307,POM121L6P
ENSG00000243449,NICOL1
ENSG00000243479,MNX1-AS1
ENSG00000243658,MTND5P16
ENSG00000243678,NME2
ENSG00000243701,DUBR
ENSG00000243811,APOBEC3D
ENSG00000243970,PPIEL
ENSG00000244041,LINC01011
ENSG00000244405,ETV5
ENSG00000244486,SCARF2
ENSG00000244509,APOBEC3C
ENSG00000244921,MTCYBP18
ENSG00000244953,None
ENSG00000244968,LIFR-AS1
ENSG00000245025,None
ENSG00000245105,A2M-AS1
ENSG00000245164,LINC00861
ENSG00000245317,MRNIP-DT
ENSG00000245694,CRNDE
ENSG00000245812,LINC02202
ENSG00000245857,None
ENSG00000246067,RAB30-DT
ENSG00000246082,NUDT16L2P
ENSG00000246145,RRS1-DT
ENSG00000246339,EXTL3-AS1
ENSG00000246523,FZD4-DT
ENSG00000246526,LINC02481
ENSG00000246705,H2AJ
ENSG00000246982,BRPF3-AS1
ENSG00000247092,SNHG10
ENSG00000247572,CKMT2-AS1
ENSG00000247809,NR2F2-AS1
ENSG00000248485,PCP4L1
ENSG00000248540,None
ENSG00000248863,None
ENSG00000248871,TNFSF12-TNFSF13
ENSG00000248905,FMN1
ENSG00000248923,MTND5P11
ENSG00000249115,HAUS5
ENSG00000249158,PCDHA11
ENSG00000249279,LINC02057
ENSG00000249464,LINC01091
ENSG00000249741,None
ENSG00000250069,None
ENSG00000250075,None
ENSG00000250135,None
ENSG00000250237,None
ENSG00000250506,CDK3
ENSG00000250536,ABHD17AP3
ENSG00000250722,SELENOP
ENSG00000250909,None
ENSG00000250978,None
ENSG00000251056,ANKRD20A17P
ENSG00000251141,MRPS30-DT
ENSG00000251151,HOXC-AS3
ENSG00000251169,LINC01843
ENSG00000251493,FOXD1
ENSG00000251544,MTND5P12
ENSG00000253159,PCDHGA12
ENSG00000253161,LINC01605
ENSG00000253223,None
ENSG00000253313,C1orf210
ENSG00000253361,None
ENSG00000253406,None
ENSG00000253490,LINC02099
ENSG00000253516,HMGB1P41
ENSG00000253552,HOXA-AS2
ENSG00000253558,None
ENSG00000253636,None
ENSG00000253729,PRKDC
ENSG00000254004,ZNF260
ENSG00000254093,PINX1
ENSG00000254389,RHPN1-AS1
ENSG00000254521,SIGLEC12
ENSG00000254537,None
ENSG00000254565,MTND2P26
ENSG00000254612,DNAJB6P1
ENSG00000254635,WAC-AS1
ENSG00000254802,None
ENSG00000254944,ATP5PBP5
ENSG00000254986,DPP3
ENSG00000254996,ANKHD1-EIF4EBP3
ENSG00000255026,None
ENSG00000255182,None
ENSG00000255284,GATD1-DT
ENSG00000255337,TMEM123-DT
ENSG00000255389,None
ENSG00000255517,DPP3-DT
ENSG00000255568,None
ENSG00000255587,RAB44
ENSG00000255693,LINC02389
ENSG00000255717,SNHG1
ENSG00000255733,IFNG-AS1
ENSG00000255760,LINC02422
ENSG00000255769,GOLGA2P10
ENSG00000255794,RMST
ENSG00000255837,TAS2R20
ENSG00000255986,MT1JP
ENSG00000256040,PAPPA-AS1
ENSG00000256056,C12orf71BP
ENSG00000256269,HMBS
ENSG00000257002,None
ENSG00000257056,LINC02282
ENSG00000257195,HNRNPA1P50
ENSG00000257261,SLC38A4-AS1
ENSG00000257489,None
ENSG00000257718,CPNE8-AS1
ENSG00000257818,C1GALT1P1
ENSG00000258056,CD63-AS1
ENSG00000258168,None
ENSG00000258317,None
ENSG00000258429,PDF
ENSG00000258539,None
ENSG00000258545,RHOXF1-AS1
ENSG00000258630,LINC02292
ENSG00000258634,None
ENSG00000258647,LINC00930
ENSG00000258708,SLC25A21-AS1
ENSG00000258819,LINC02289
ENSG00000258867,HISLA
ENSG00000258881,None
ENSG00000259048,None
ENSG00000259065,MIDEAS-AS1
ENSG00000259153,MAP3K9-DT
ENSG00000259275,None
ENSG00000259342,None
ENSG00000259345,None
ENSG00000259354,SLC30A4-AS1
ENSG00000259367,AKAP13-AS1
ENSG00000259429,UBE2Q2P2
ENSG00000259583,ALDH1A3-AS1
ENSG00000259660,DNM1P47
ENSG00000259674,RPL7AP75
ENSG00000259725,None
ENSG00000259749,NCAPGP2
ENSG00000259856,RAB43P1
ENSG00000259891,None
ENSG00000260000,None
ENSG00000260078,MPHOSPH10P1
ENSG00000260083,MIR762HG
ENSG00000260103,None
ENSG00000260233,ZNRD2-DT
ENSG00000260285,TRMT61A-DT
ENSG00000260314,MRC1
ENSG00000260398,None
ENSG00000260698,None
ENSG00000260719,None
ENSG00000260793,None
ENSG00000260855,None
ENSG00000260941,LINC00622
ENSG00000260943,LINC02555
ENSG00000261026,None
ENSG00000261136,None
ENSG00000261183,SPINT1-AS1
ENSG00000261187,None
ENSG00000261236,BOP1
ENSG00000261338,None
ENSG00000261390,MAFTRR
ENSG00000261438,None
ENSG00000261526,None
ENSG00000261649,GOLGA6L7
ENSG00000261716,H2BC20P
ENSG00000261742,LINC00922
ENSG00000261840,None
ENSG00000261934,PCDHGA9
ENSG00000262075,None
ENSG00000262097,LINC02185
ENSG00000262152,GREP1
ENSG00000262484,CCER2
ENSG00000263235,None
ENSG00000263731,None
ENSG00000264529,DNAJB6P8
ENSG00000264714,KIAA0895LP1
ENSG00000265179,None
ENSG00000265241,RBM8A
ENSG00000265939,UBE2CP2
ENSG00000266028,SRGAP2
ENSG00000266074,BAHCC1
ENSG00000266171,None
ENSG00000266456,None
ENSG00000266524,GDF10
ENSG00000266714,MYO15B
ENSG00000266717,None
ENSG00000266918,None
ENSG00000267074,None
ENSG00000267080,ASB16-AS1
ENSG00000267120,None
ENSG00000267127,None
ENSG00000267137,None
ENSG00000267216,ZNF8-ERVK3-1
ENSG00000267325,LINC01415
ENSG00000267366,None
ENSG00000267383,None
ENSG00000267503,None
ENSG00000267529,None
ENSG00000267534,S1PR2
ENSG00000267632,None
ENSG00000267690,LDLRAD4-AS1
ENSG00000267734,None
ENSG00000267742,SINHCAFP2
ENSG00000267750,RUNDC3A-AS1
ENSG00000267881,None
ENSG00000268573,None
ENSG00000268926,None
ENSG00000269186,LINC01082
ENSG00000269226,TMSB15C
ENSG00000269289,None
ENSG00000269374,None
ENSG00000269399,None
ENSG00000269439,PGLS-DT
ENSG00000269487,None
ENSG00000269918,None
ENSG00000269940,None
ENSG00000269984,None
ENSG00000270084,GAS5-AS1
ENSG00000270112,ST8SIA5-DT
ENSG00000270175,None
ENSG00000270442,None
ENSG00000270505,IGHV1OR15-1
ENSG00000270557,None
ENSG00000270562,FOXP1-DT
ENSG00000270728,None
ENSG00000270765,GAS2L2
ENSG00000270820,USP34-DT
ENSG00000270876,ZNF30-AS1
ENSG00000270885,RASL10B
ENSG00000270933,None
ENSG00000271151,None
ENSG00000271447,MMP28
ENSG00000271895,None
ENSG00000271918,None
ENSG00000271933,None
ENSG00000271936,None
ENSG00000272037,None
ENSG00000272108,None
ENSG00000272195,None
ENSG00000272263,None
ENSG00000272374,SCUBE3-AS1
ENSG00000272398,CD24
ENSG00000272417,None
ENSG00000272599,None
ENSG00000272666,KLHDC7B-DT
ENSG00000272686,WASL-DT
ENSG00000272755,None
ENSG00000272791,None
ENSG00000272848,None
ENSG00000272894,MIOS-DT
ENSG00000272923,None
ENSG00000272953,None
ENSG00000272983,None
ENSG00000272994,C2orf49-DT
ENSG00000273045,C2orf15
ENSG00000273066,None
ENSG00000273154,None
ENSG00000273173,SNURF
ENSG00000273247,RAB33B-AS1
ENSG00000273259,None
ENSG00000273373,None
ENSG00000273456,None
ENSG00000273486,None
ENSG00000273489,None
ENSG00000273604,EPOP
ENSG00000273680,None
ENSG00000273703,H2BC14
ENSG00000273760,None
ENSG00000273771,None
ENSG00000273837,None
ENSG00000273983,H3C8
ENSG00000274307,None
ENSG00000274333,LINC03104
ENSG00000274363,None
ENSG00000274460,None
ENSG00000274492,None
ENSG00000274554,None
ENSG00000274561,None
ENSG00000274717,ADAMTS7P5
ENSG00000275126,H4C13
ENSG00000275152,CCL16
ENSG00000275183,LENG9
ENSG00000275393,None
ENSG00000275494,None
ENSG00000275552,None
ENSG00000275897,None
ENSG00000275993,None
ENSG00000276070,CCL4L2
ENSG00000276231,PIK3R6
ENSG00000276289,None
ENSG00000276417,None
ENSG00000276570,None
ENSG00000276728,None
ENSG00000276791,None
ENSG00000276867,None
ENSG00000277203,None
ENSG00000277363,SRCIN1
ENSG00000277496,SLCO4A1-AS2
ENSG00000277734,TRAC
ENSG00000278017,None
ENSG00000278066,None
ENSG00000278156,TSC22D1-AS1
ENSG00000278390,KBTBD6-DT
ENSG00000278616,BEND3P3
ENSG00000278716,None
ENSG00000278768,BACE1-AS
ENSG00000278811,LINC00624
ENSG00000278831,None
ENSG00000278891,None
ENSG00000278908,None
ENSG00000278978,None
ENSG00000279041,None
ENSG00000279077,None
ENSG00000279089,None
ENSG00000279146,None
ENSG00000279207,None
ENSG00000279208,None
ENSG00000279262,None
ENSG00000279281,None
ENSG00000279289,None
ENSG00000279312,None
ENSG00000279319,None
ENSG00000279324,None
ENSG00000279358,None
ENSG00000279369,None
ENSG00000279394,None
ENSG00000279427,None
ENSG00000279500,None
ENSG00000279519,None
ENSG00000279520,None
ENSG00000279529,None
ENSG00000279637,None
ENSG00000279662,None
ENSG00000279685,MAPT-IT1
ENSG00000279712,None
ENSG00000279742,None
ENSG00000279789,None
ENSG00000279836,None
ENSG00000279880,None
ENSG00000280067,None
ENSG00000280079,None
ENSG00000280137,None
ENSG00000280184,None
ENSG00000280186,None
ENSG00000280216,None
ENSG00000280219,None
ENSG00000280229,None
ENSG00000280239,None
ENSG00000280326,None
ENSG00000280339,None
ENSG00000280362,None
ENSG00000280399,None
ENSG00000280604,None
ENSG00000280721,LINC01943
ENSG00000281100,None
ENSG00000281103,TRG-AS1
ENSG00000281179,None
ENSG00000281344,HELLPAR
ENSG00000281406,BLACAT1
ENSG00000281852,LINC00891
ENSG00000282164,PEG13
ENSG00000283154,IQCJ-SCHIP1
ENSG00000283709,FAM238C
ENSG00000283897,None
ENSG00000283982,None
ENSG00000284116,None
ENSG00000284308,C2orf81
ENSG00000284512,None
ENSG00000284681,None
ENSG00000284713,SMIM38
ENSG00000284753,EEF1AKMT4
ENSG00000285043,None
ENSG00000285294,LINC00842
ENSG00000285417,None
ENSG00000285562,None
ENSG00000285565,None
ENSG00000285587,None
ENSG00000285877,None
ENSG00000285979,None
